,nx,ensembleaverage,average
0,32,0.001124333000916522,0.004332791002525482
1,64,0.00206445900403196,0.01630575000308454
2,128,0.007953291999001522,0.06298020800022641
3,256,0.035097708998364396,0.24933237500226824
4,512,0.16915295799844898,1.0528950000007171
5,1024,0.8574851250014035,4.497771249996731
6,2048,4.455843082992942,18.808053417000338
