,nx,ensembleaverage,average
0,32,0.0035592596977949142,0.01086263358592987
1,64,0.006788699887692928,0.04612200241535902
2,128,0.029576627537608147,0.16299479827284813
3,256,0.1308316458016634,0.7085652109235525
4,512,0.8188745519146323,2.9917021552100778
5,1024,4.864495151676238,13.830456599593163
6,2048,18.61938583664596,55.75666988827288
