nx,ensembleaverage,average
32,0.000112588,0.0018994435
64,0.000329102,0.0061530395
128,0.001207636,0.0242040785
256,0.0049203575,0.101186403
512,0.0194561925,0.43255623
1024,0.08064987,1.737522151
2048,0.4433499565,8.526357999
