nx,ensembleaverage,average
32,4.6e-5,0.000722041
64,0.000140041,0.002730375
128,0.000519208,0.010826041
256,0.00208375,0.044557417
512,0.008323167,0.1776869165
1024,0.033736125,0.7531945
2048,0.1491321045,3.1994075
